{"Uses_corticosteroids": {"class_counts": [["0.0", 100], ["1.0", 37]], "avg_precision": 0.8809731934731935, "avg_recall": 0.8533783783783784, "avg_f1": 0.865686274509804, "avg_accuracy": 0.8978102189781022, "weighted_precision": 0.8959130893437462, "weighted_recall": 0.8978102189781022, "weighted_f1": 0.895892371547159, "weighted_accuracy": 0.8978102189781022, "class_precision": [0.9134615384615384, 0.8484848484848485], "class_recall": [0.95, 0.7567567567567568], "class_f1": [0.9313725490196078, 0.8000000000000002], "class_accuracy": 0.8978102189781022, "num_classes": 2, "num_applicable_rows": 137, "confusion_matrix": [["0.0", [["0.0", 95], ["1.0", 5]]], ["1.0", [["1.0", 28], ["0.0", 9]]]], "precision_recall_curves": {"0.0": {"precision": [0.8849557522123894, 0.8839285714285714, 0.8918918918918919, 0.9, 0.908256880733945, 0.9074074074074074, 0.9065420560747663, 0.9150943396226415, 0.9142857142857143, 0.9134615384615384, 0.912621359223301, 0.9117647058823529, 0.9207920792079208, 0.92, 0.9191919191919192, 0.9285714285714286, 0.9278350515463918, 0.9270833333333334, 0.9368421052631579, 0.9361702127659575, 0.9354838709677419, 0.9347826086956522, 0.9340659340659341, 0.9444444444444444, 0.9438202247191011, 0.9431818181818182, 0.9425287356321839, 0.9534883720930233, 0.9529411764705882, 0.9642857142857143, 0.963855421686747, 0.9634146341463414, 0.9629629629629629, 0.9625, 0.9620253164556962, 0.9615384615384616, 0.961038961038961, 0.9605263157894737, 0.96, 0.9594594594594594, 0.958904109589041, 0.9583333333333334, 0.971830985915493, 0.9714285714285714, 0.9710144927536232, 0.9705882352941176, 0.9701492537313433, 0.9696969696969697, 0.9692307692307692, 0.96875, 0.9682539682539683, 0.967741935483871, 0.9672131147540983, 0.9833333333333333, 0.9830508474576272, 0.9827586206896551, 1.0, 1.0, 1.0, 1.0, 1.0, 1.0, 1.0, 1.0, 1.0, 1.0, 1.0, 1.0, 1.0, 1.0, 1.0, 1.0, 1.0, 1.0, 1.0, 1.0, 1.0, 1.0, 1.0, 1.0, 1.0, 1.0, 1.0, 1.0, 1.0, 1.0, 1.0, 1.0, 1.0, 1.0, 1.0, 1.0, 1.0, 1.0, 1.0, 1.0, 1.0, 1.0, 1.0, 1.0, 1.0, 1.0, 1.0, 1.0, 1.0, 1.0, 1.0, 1.0, 1.0, 1.0, 1.0, 1.0, 1.0], "recall": [1.0, 0.99, 0.99, 0.99, 0.99, 0.98, 0.97, 0.97, 0.96, 0.95, 0.94, 0.93, 0.93, 0.92, 0.91, 0.91, 0.9, 0.89, 0.89, 0.88, 0.87, 0.86, 0.85, 0.85, 0.84, 0.83, 0.82, 0.82, 0.81, 0.81, 0.8, 0.79, 0.78, 0.77, 0.76, 0.75, 0.74, 0.73, 0.72, 0.71, 0.7, 0.69, 0.69, 0.68, 0.67, 0.66, 0.65, 0.64, 0.63, 0.62, 0.61, 0.6, 0.59, 0.59, 0.58, 0.57, 0.57, 0.56, 0.55, 0.54, 0.53, 0.52, 0.51, 0.5, 0.49, 0.48, 0.47, 0.46, 0.45, 0.44, 0.43, 0.42, 0.41, 0.4, 0.39, 0.38, 0.37, 0.36, 0.34, 0.33, 0.32, 0.31, 0.3, 0.29, 0.28, 0.27, 0.26, 0.25, 0.24, 0.23, 0.22, 0.21, 0.2, 0.19, 0.18, 0.17, 0.16, 0.15, 0.14, 0.13, 0.12, 0.11, 0.1, 0.09, 0.08, 0.07, 0.06, 0.05, 0.04, 0.03, 0.02, 0.01, 0.0], "thresholds": [0.1556546837091446, 0.19225554168224335, 0.28829091787338257, 0.3012777268886566, 0.31505823135375977, 0.33616408705711365, 0.3650972843170166, 0.3797041177749634, 0.4025662839412689, 0.5182586908340454, 0.5213510394096375, 0.5255220532417297, 0.5544360876083374, 0.5918134450912476, 0.6494085788726807, 0.6732197999954224, 0.6899564266204834, 0.7090744972229004, 0.7110000848770142, 0.7358959913253784, 0.7500128746032715, 0.7720170617103577, 0.7860236167907715, 0.7900311350822449, 0.8065868616104126, 0.8312466740608215, 0.8375214338302612, 0.8736070990562439, 0.8898797631263733, 0.8919514417648315, 0.8996891379356384, 0.9032618403434753, 0.9064671993255615, 0.9069884419441223, 0.9114052057266235, 0.9127538800239563, 0.9138568043708801, 0.9324507713317871, 0.9328215718269348, 0.9341025352478027, 0.937098503112793, 0.9371374845504761, 0.946153461933136, 0.9482917785644531, 0.9504004716873169, 0.9530777335166931, 0.9541159272193909, 0.956978976726532, 0.9618860483169556, 0.9643067121505737, 0.9695233702659607, 0.9716489911079407, 0.9727069139480591, 0.9741249680519104, 0.9747838973999023, 0.9762740135192871, 0.9787432551383972, 0.9823645353317261, 0.9835286140441895, 0.9838516116142273, 0.9862141013145447, 0.9866901636123657, 0.9869663715362549, 0.987244188785553, 0.988881528377533, 0.989342212677002, 0.9897512197494507, 0.9907038807868958, 0.9910529255867004, 0.9914257526397705, 0.9917711615562439, 0.9930647015571594, 0.9931858777999878, 0.993470311164856, 0.9941892623901367, 0.9947539567947388, 0.9950182437896729, 0.995102047920227, 0.9963788390159607, 0.9967628717422485, 0.9968011379241943, 0.9968662858009338, 0.9970845580101013, 0.997194766998291, 0.9973926544189453, 0.997548520565033, 0.9978502988815308, 0.9980358481407166, 0.9983660578727722, 0.9985781908035278, 0.998689591884613, 0.9989211559295654, 0.9990757703781128, 0.9991793036460876, 0.999198853969574, 0.9992546439170837, 0.9992949962615967, 0.9993619322776794, 0.9993682503700256, 0.9993858337402344, 0.9995332956314087, 0.9996048808097839, 0.99968421459198, 0.9997014403343201, 0.9998997449874878, 0.9999169111251831, 0.9999303817749023, 0.9999344348907471, 0.9999384880065918, 0.9999531507492065, 0.9999752044677734, 0.9999823570251465]}, "1.0": {"precision": [0.4625, 0.45569620253164556, 0.46153846153846156, 0.4675324675324675, 0.4605263157894737, 0.4666666666666667, 0.47297297297297297, 0.4794520547945205, 0.4861111111111111, 0.49295774647887325, 0.5, 0.5072463768115942, 0.5147058823529411, 0.5223880597014925, 0.5303030303030303, 0.5230769230769231, 0.53125, 0.5396825396825397, 0.5483870967741935, 0.5573770491803278, 0.5666666666666667, 0.576271186440678, 0.5862068965517241, 0.5964912280701754, 0.6071428571428571, 0.6181818181818182, 0.6296296296296297, 0.6415094339622641, 0.6346153846153846, 0.6470588235294118, 0.64, 0.6530612244897959, 0.6666666666666666, 0.6808510638297872, 0.6739130434782609, 0.6888888888888889, 0.7045454545454546, 0.7209302325581395, 0.7380952380952381, 0.7317073170731707, 0.75, 0.7692307692307693, 0.7631578947368421, 0.7837837837837838, 0.8055555555555556, 0.8, 0.8235294117647058, 0.8484848484848485, 0.875, 0.9032258064516129, 0.9, 0.9310344827586207, 0.9642857142857143, 0.9629629629629629, 0.9615384615384616, 0.96, 1.0, 1.0, 1.0, 1.0, 1.0, 1.0, 1.0, 1.0, 1.0, 1.0, 1.0, 1.0, 1.0, 1.0, 1.0, 1.0, 1.0, 1.0, 1.0, 1.0, 1.0, 1.0, 1.0, 1.0, 1.0], "recall": [1.0, 0.972972972972973, 0.972972972972973, 0.972972972972973, 0.9459459459459459, 0.9459459459459459, 0.9459459459459459, 0.9459459459459459, 0.9459459459459459, 0.9459459459459459, 0.9459459459459459, 0.9459459459459459, 0.9459459459459459, 0.9459459459459459, 0.9459459459459459, 0.918918918918919, 0.918918918918919, 0.918918918918919, 0.918918918918919, 0.918918918918919, 0.918918918918919, 0.918918918918919, 0.918918918918919, 0.918918918918919, 0.918918918918919, 0.918918918918919, 0.918918918918919, 0.918918918918919, 0.8918918918918919, 0.8918918918918919, 0.8648648648648649, 0.8648648648648649, 0.8648648648648649, 0.8648648648648649, 0.8378378378378378, 0.8378378378378378, 0.8378378378378378, 0.8378378378378378, 0.8378378378378378, 0.8108108108108109, 0.8108108108108109, 0.8108108108108109, 0.7837837837837838, 0.7837837837837838, 0.7837837837837838, 0.7567567567567568, 0.7567567567567568, 0.7567567567567568, 0.7567567567567568, 0.7567567567567568, 0.7297297297297297, 0.7297297297297297, 0.7297297297297297, 0.7027027027027027, 0.6756756756756757, 0.6486486486486487, 0.6486486486486487, 0.6216216216216216, 0.5945945945945946, 0.5675675675675675, 0.5405405405405406, 0.5135135135135135, 0.4864864864864865, 0.4594594594594595, 0.43243243243243246, 0.40540540540540543, 0.3783783783783784, 0.35135135135135137, 0.32432432432432434, 0.2972972972972973, 0.2702702702702703, 0.24324324324324326, 0.21621621621621623, 0.1891891891891892, 0.16216216216216217, 0.13513513513513514, 0.10810810810810811, 0.08108108108108109, 0.05405405405405406, 0.02702702702702703, 0.0],