{"Incoordination": {"class_counts": [["0.0", 77], ["1.0", 39]], "avg_precision": 0.7822812051649928, "avg_recall": 0.7620712620712621, "avg_f1": 0.7701387093995004, "avg_accuracy": 0.8017241379310345, "weighted_precision": 0.7976735269381091, "weighted_recall": 0.8017241379310345, "weighted_f1": 0.7980514136831817, "weighted_accuracy": 0.8017241379310345, "class_precision": [0.8292682926829268, 0.7352941176470589], "class_recall": [0.8831168831168831, 0.6410256410256411], "class_f1": [0.8553459119496856, 0.6849315068493151], "class_accuracy": 0.8017241379310345, "num_classes": 2, "num_applicable_rows": 116, "confusion_matrix": [["0.0", [["0.0", 68], ["1.0", 9]]], ["1.0", [["1.0", 25], ["0.0", 14]]]], "precision_recall_curves": {"0.0": {"precision": [0.6875, 0.6846846846846847, 0.6909090909090909, 0.6972477064220184, 0.7037037037037037, 0.7009345794392523, 0.7075471698113207, 0.7142857142857143, 0.7211538461538461, 0.7281553398058253, 0.7352941176470589, 0.7425742574257426, 0.74, 0.7474747474747475, 0.7551020408163265, 0.7628865979381443, 0.7708333333333334, 0.7789473684210526, 0.7872340425531915, 0.7849462365591398, 0.7934782608695652, 0.7912087912087912, 0.8, 0.8089887640449438, 0.8181818181818182, 0.8160919540229885, 0.813953488372093, 0.8117647058823529, 0.8214285714285714, 0.8192771084337349, 0.8292682926829268, 0.8271604938271605, 0.8375, 0.8481012658227848, 0.8461538461538461, 0.8441558441558441, 0.8552631578947368, 0.8666666666666667, 0.8648648648648649, 0.863013698630137, 0.8611111111111112, 0.8591549295774648, 0.8714285714285714, 0.8695652173913043, 0.8676470588235294, 0.8656716417910447, 0.8636363636363636, 0.8615384615384616, 0.875, 0.873015873015873, 0.8709677419354839, 0.8688524590163934, 0.8666666666666667, 0.864406779661017, 0.8793103448275862, 0.8947368421052632, 0.8928571428571429, 0.8909090909090909, 0.9074074074074074, 0.9056603773584906, 0.9038461538461539, 0.9019607843137255, 0.9, 0.8979591836734694, 0.8958333333333334, 0.8936170212765957, 0.8913043478260869, 0.8888888888888888, 0.8863636363636364, 0.8837209302325582, 0.8809523809523809, 0.8780487804878049, 0.875, 0.8974358974358975, 0.9210526315789473, 0.918918918918919, 0.9166666666666666, 0.9142857142857143, 0.9411764705882353, 0.9393939393939394, 0.96875, 0.967741935483871, 0.9666666666666667, 0.9655172413793104, 0.9642857142857143, 0.9629629629629629, 0.9615384615384616, 0.96, 0.9583333333333334, 0.9565217391304348, 0.9545454545454546, 0.9523809523809523, 0.95, 0.9473684210526315, 0.9444444444444444, 0.9411764705882353, 0.9375, 0.9333333333333333, 0.9285714285714286, 0.9230769230769231, 0.9166666666666666, 0.9090909090909091, 1.0, 1.0, 1.0, 1.0, 1.0, 1.0, 1.0, 1.0, 1.0, 1.0, 1.0], "recall": [1.0, 0.987012987012987, 0.987012987012987, 0.987012987012987, 0.987012987012987, 0.974025974025974, 0.974025974025974, 0.974025974025974, 0.974025974025974, 0.974025974025974, 0.974025974025974, 0.974025974025974, 0.961038961038961, 0.961038961038961, 0.961038961038961, 0.961038961038961, 0.961038961038961, 0.961038961038961, 0.961038961038961, 0.948051948051948, 0.948051948051948, 0.935064935064935, 0.935064935064935, 0.935064935064935, 0.935064935064935, 0.922077922077922, 0.9090909090909091, 0.8961038961038961, 0.8961038961038961, 0.8831168831168831, 0.8831168831168831, 0.8701298701298701, 0.8701298701298701, 0.8701298701298701, 0.8571428571428571, 0.8441558441558441, 0.8441558441558441, 0.8441558441558441, 0.8311688311688312, 0.8181818181818182, 0.8051948051948052, 0.7922077922077922, 0.7922077922077922, 0.7792207792207793, 0.7662337662337663, 0.7532467532467533, 0.7402597402597403, 0.7272727272727273, 0.7272727272727273, 0.7142857142857143, 0.7012987012987013, 0.6883116883116883, 0.6753246753246753, 0.6623376623376623, 0.6623376623376623, 0.6623376623376623, 0.6493506493506493, 0.6363636363636364, 0.6363636363636364, 0.6233766233766234, 0.6103896103896104, 0.5974025974025974, 0.5844155844155844, 0.5714285714285714, 0.5584415584415584, 0.5454545454545454, 0.5324675324675324, 0.5194805194805194, 0.5064935064935064, 0.4935064935064935, 0.4805194805194805, 0.4675324675324675, 0.45454545454545453, 0.45454545454545453, 0.45454545454545453, 0.44155844155844154, 0.42857142857142855, 0.4155844155844156, 0.4155844155844156, 0.4025974025974026, 0.4025974025974026, 0.38961038961038963, 0.37662337662337664, 0.36363636363636365, 0.35064935064935066, 0.33766233766233766, 0.3246753246753247, 0.3116883116883117, 0.2987012987012987, 0.2857142857142857, 0.2727272727272727, 0.2597402597402597, 0.24675324675324675, 0.23376623376623376, 0.22077922077922077, 0.2077922077922078, 0.19480519480519481, 0.18181818181818182, 0.16883116883116883, 0.15584415584415584, 0.14285714285714285, 0.12987012987012986, 0.12987012987012986, 0.11688311688311688, 0.1038961038961039, 0.09090909090909091, 0.07792207792207792, 0.06493506493506493, 0.05194805194805195, 0.03896103896103896, 0.025974025974025976, 0.012987012987012988, 0.0], "thresholds": [0.08076281100511551, 0.0889640599489212, 0.10299478471279144, 0.1119815856218338, 0.11387056857347488, 0.13007166981697083, 0.13451430201530457, 0.18475492298603058, 0.2049851417541504, 0.205013245344162, 0.2111387699842453, 0.2360375076532364, 0.23778656125068665, 0.2395205795764923, 0.2425435483455658, 0.2847468852996826, 0.2917100489139557, 0.31220579147338867, 0.3356119394302368, 0.36196401715278625, 0.3678590953350067, 0.3921126127243042, 0.40760189294815063, 0.4275428056716919, 0.44328171014785767, 0.45518237352371216, 0.46555158495903015, 0.482517808675766, 0.491363525390625, 0.4967345595359802, 0.5120498538017273, 0.5183534622192383, 0.5294694900512695, 0.5449328422546387, 0.5499991774559021, 0.5509982705116272, 0.5519754886627197, 0.5779449343681335, 0.595811665058136, 0.6317995190620422, 0.652035653591156, 0.6524860858917236, 0.6647636890411377, 0.6742114424705505, 0.7135955095291138, 0.7148926854133606, 0.7519360184669495, 0.7614376544952393, 0.7622798681259155, 0.7631517052650452, 0.7647021412849426, 0.7676880359649658, 0.7715471386909485, 0.7784296870231628, 0.7794234752655029, 0.7906116843223572, 0.7949557304382324, 0.8012383580207825, 0.803254246711731, 0.8073698878288269, 0.8083944916725159, 0.8121833205223083, 0.8187867403030396, 0.8189757466316223, 0.8213089108467102, 0.8274055123329163, 0.8364929556846619, 0.8432762622833252, 0.8441704511642456, 0.8442599177360535, 0.8512448668479919, 0.8560235500335693, 0.8619682788848877, 0.8673279881477356, 0.8759973049163818, 0.8767914175987244, 0.8819544315338135, 0.8830772042274475, 0.8882778286933899, 0.8947160243988037, 0.8951728940010071, 0.8979389071464539, 0.8989445567131042, 0.9128240346908569, 0.9141939282417297, 0.914448082447052, 0.9262389540672302, 0.9317035675048828, 0.9319344758987427, 0.9377213716506958, 0.9387415051460266, 0.9480066895484924, 0.9525859355926514, 0.9565519690513611, 0.9592428803443909, 0.9604832530021667, 0.9610145688056946, 0.9668230414390564, 0.9678286910057068, 0.9683873653411865, 0.9703467488288879, 0.9711166024208069, 0.9758039712905884, 0.9800455570220947, 0.9817129969596863, 0.985299825668335, 0.9865477681159973, 0.9874862432479858, 0.9884618520736694, 0.9918482303619385, 0.9925673007965088, 0.9974250793457031]},