{"Fever": {"class_counts": [["0.0", 79], ["1.0", 39]], "avg_precision": 0.99375, "avg_recall": 0.9871794871794872, "avg_f1": 0.9903618394184431, "avg_accuracy": 0.9915254237288136, "weighted_precision": 0.9916313559322034, "weighted_recall": 0.9915254237288136, "weighted_f1": 0.9914970436236825, "weighted_accuracy": 0.9915254237288136, "class_precision": [0.9875, 1.0], "class_recall": [1.0, 0.9743589743589743], "class_f1": [0.9937106918238994, 0.9870129870129869], "class_accuracy": 0.9915254237288136, "num_classes": 2, "num_applicable_rows": 118, "confusion_matrix": [["0.0", [["0.0", 79]]], ["1.0", [["1.0", 38], ["0.0", 1]]]], "precision_recall_curves": {"0.0": {"precision": [0.9875, 0.9873417721518988, 0.9871794871794872, 1.0, 1.0, 1.0, 1.0, 1.0, 1.0, 1.0, 1.0, 1.0, 1.0, 1.0, 1.0, 1.0, 1.0, 1.0, 1.0, 1.0, 1.0, 1.0, 1.0, 1.0, 1.0, 1.0, 1.0, 1.0, 1.0, 1.0, 1.0, 1.0, 1.0, 1.0, 1.0, 1.0, 1.0, 1.0, 1.0, 1.0, 1.0, 1.0, 1.0, 1.0, 1.0, 1.0, 1.0, 1.0, 1.0, 1.0, 1.0, 1.0, 1.0, 1.0, 1.0, 1.0, 1.0, 1.0, 1.0, 1.0, 1.0, 1.0, 1.0, 1.0, 1.0, 1.0, 1.0], "recall": [1.0, 0.9873417721518988, 0.9746835443037974, 0.9746835443037974, 0.9620253164556962, 0.9493670886075949, 0.9367088607594937, 0.9240506329113924, 0.9113924050632911, 0.8987341772151899, 0.8860759493670886, 0.8734177215189873, 0.8607594936708861, 0.8481012658227848, 0.8354430379746836, 0.8227848101265823, 0.810126582278481, 0.7974683544303798, 0.7848101265822784, 0.7721518987341772, 0.759493670886076, 0.7468354430379747, 0.7341772151898734, 0.7215189873417721, 0.7088607594936709, 0.6962025316455697, 0.6835443037974683, 0.6708860759493671, 0.6582278481012658, 0.6455696202531646, 0.6329113924050633, 0.620253164556962, 0.6075949367088608, 0.5949367088607594, 0.5822784810126582, 0.569620253164557, 0.5569620253164557, 0.5443037974683544, 0.5316455696202531, 0.5189873417721519, 0.5063291139240507, 0.4936708860759494, 0.4810126582278481, 0.46835443037974683, 0.45569620253164556, 0.4430379746835443, 0.43037974683544306, 0.4177215189873418, 0.4050632911392405, 0.3924050632911392, 0.379746835443038, 0.3670886075949367, 0.34177215189873417, 0.3291139240506329, 0.31645569620253167, 0.3037974683544304, 0.2911392405063291, 0.27848101265822783, 0.26582278481012656, 0.21518987341772153, 0.17721518987341772, 0.13924050632911392, 0.11392405063291139, 0.0759493670886076, 0.05063291139240506, 0.02531645569620253, 0.0], "thresholds": [0.9500123262405396, 0.9890916347503662, 0.9901537299156189, 0.9905837774276733, 0.991798996925354, 0.9934740662574768, 0.9950363039970398, 0.9969297051429749, 0.9976727366447449, 0.9979842901229858, 0.9984697699546814, 0.9987267851829529, 0.9988045692443848, 0.9988885521888733, 0.9989904761314392, 0.9990412592887878, 0.9994827508926392, 0.9995115995407104, 0.999609649181366, 0.9996612071990967, 0.9997147917747498, 0.9997215867042542, 0.9997338652610779, 0.9997478127479553, 0.999758780002594, 0.9997643828392029, 0.999785840511322, 0.9997907280921936, 0.9998047947883606, 0.9998264908790588, 0.9998689889907837, 0.9999028444290161, 0.9999098777770996, 0.9999368190765381, 0.9999399185180664, 0.9999533891677856, 0.999955415725708, 0.999961256980896, 0.9999631643295288, 0.9999645948410034, 0.9999650716781616, 0.9999703168869019, 0.9999767541885376, 0.9999836683273315, 0.9999843835830688, 0.9999879598617554, 0.999988317489624, 0.9999899864196777, 0.999990701675415, 0.9999938011169434, 0.999995231628418, 0.9999959468841553, 0.9999961853027344, 0.9999974966049194, 0.9999978542327881, 0.9999979734420776, 0.9999980926513672, 0.9999983310699463, 0.9999991655349731, 0.9999992847442627, 0.9999994039535522, 0.9999995231628418, 0.9999996423721313, 0.9999997615814209, 0.9999998807907104, 1.0]}, "1.0": {"precision": [0.9512195121951219, 0.95, 0.9743589743589743, 1.0, 1.0, 1.0, 1.0, 1.0, 1.0, 1.0, 1.0, 1.0, 1.0, 1.0, 1.0, 1.0, 1.0, 1.0, 1.0, 1.0, 1.0, 1.0, 1.0, 1.0, 1.0, 1.0, 1.0, 1.0, 1.0, 1.0, 1.0, 1.0, 1.0, 1.0, 1.0, 1.0, 1.0, 1.0, 1.0, 1.0, 1.0, 1.0], "recall": [1.0, 0.9743589743589743, 0.9743589743589743, 0.9743589743589743, 0.9487179487179487, 0.9230769230769231, 0.8974358974358975, 0.8717948717948718, 0.8461538461538461, 0.8205128205128205, 0.7948717948717948, 0.7692307692307693, 0.7435897435897436, 0.717948717948718, 0.6923076923076923, 0.6666666666666666, 0.6410256410256411, 0.6153846153846154, 0.5897435897435898, 0.5641025641025641, 0.5384615384615384, 0.5128205128205128, 0.48717948717948717, 0.46153846153846156, 0.4358974358974359, 0.41025641025641024, 0.38461538461538464, 0.358974358974359, 0.3333333333333333, 0.3076923076923077, 0.28205128205128205, 0.2564102564102564, 0.23076923076923078, 0.20512820512820512, 0.1794871794871795, 0.15384615384615385, 0.1282051282051282, 0.10256410256410256, 0.07692307692307693, 0.05128205128205128, 0.02564102564102564, 0.0], "thresholds": [0.009485244750976562, 0.009521136060357094, 0.04283840209245682, 0.8458120226860046, 0.9837258458137512, 0.9854944944381714, 0.9870763421058655, 0.9908614158630371, 0.9912437200546265, 0.9922605156898499, 0.9942643046379089, 0.9943026304244995, 0.9944528937339783, 0.9951144456863403, 0.9957512617111206, 0.9966829419136047, 0.9969308972358704, 0.9969571828842163, 0.9972770810127258, 0.9976354837417603, 0.997855007648468, 0.9979636669158936, 0.9980966448783875, 0.9982335567474365, 0.9983300566673279, 0.998775064945221, 0.9989168643951416, 0.9989714622497559, 0.9991320967674255, 0.9991760849952698, 0.9991900324821472, 0.9992460012435913, 0.9993281364440918, 0.9993289709091187, 0.9995168447494507, 0.9995681643486023, 0.9996960163116455, 0.9997909665107727, 0.9998235106468201, 0.9998482465744019, 0.999914288520813]}}}}