{"Fever": {"class_counts": [["0.0", 104], ["1.0", 29]], "avg_precision": 0.977950928381963, "avg_recall": 0.977950928381963, "avg_f1": 0.977950928381963, "avg_accuracy": 0.9849624060150376, "weighted_precision": 0.9849624060150376, "weighted_recall": 0.9849624060150376, "weighted_f1": 0.9849624060150376, "weighted_accuracy": 0.9849624060150376, "class_precision": [0.9903846153846154, 0.9655172413793104], "class_recall": [0.9903846153846154, 0.9655172413793104], "class_f1": [0.9903846153846154, 0.9655172413793104], "class_accuracy": 0.9849624060150376, "num_classes": 2, "num_applicable_rows": 133, "confusion_matrix": [["0.0", [["0.0", 103], ["1.0", 1]]], ["1.0", [["1.0", 28], ["0.0", 1]]]], "precision_recall_curves": {"0.0": {"precision": [0.8253968253968254, 0.824, 0.8306451612903226, 0.8373983739837398, 0.8442622950819673, 0.8512396694214877, 0.8583333333333333, 0.865546218487395, 0.8728813559322034, 0.8803418803418803, 0.8879310344827587, 0.8956521739130435, 0.9035087719298246, 0.911504424778761, 0.9196428571428571, 0.9279279279279279, 0.9363636363636364, 0.944954128440367, 0.9537037037037037, 0.9626168224299065, 0.9716981132075472, 0.9809523809523809, 0.9903846153846154, 0.9902912621359223, 0.9901960784313726, 0.9900990099009901, 0.99, 0.98989898989899, 0.9897959183673469, 1.0], "recall": [1.0, 0.9903846153846154, 0.9903846153846154, 0.9903846153846154, 0.9903846153846154, 0.9903846153846154, 0.9903846153846154, 0.9903846153846154, 0.9903846153846154, 0.9903846153846154, 0.9903846153846154, 0.9903846153846154, 0.9903846153846154, 0.9903846153846154, 0.9903846153846154, 0.9903846153846154, 0.9903846153846154, 0.9903846153846154, 0.9903846153846154, 0.9903846153846154, 0.9903846153846154, 0.9903846153846154, 0.9903846153846154, 0.9807692307692307, 0.9711538461538461, 0.9615384615384616, 0.9519230769230769, 0.9423076923076923, 0.9326923076923077, 0.0], "thresholds": [1.277509781988373e-12, 3.166701709883535e-12, 1.1875544818351624e-11, 1.2648734490361413e-11, 4.599614439326771e-11, 7.228884157939319e-11, 4.566695632757245e-10, 5.229036093012951e-10, 7.842947957747981e-10, 1.7637683535909332e-09, 5.253861790066594e-09, 2.3165743101571934e-08, 2.2373819774657022e-07, 1.308850528403127e-06, 4.154887392360251e-06, 2.0283585399738513e-05, 0.00014631738304160535, 0.0001724317407933995, 0.002003035042434931, 0.002968215849250555, 0.008551361039280891, 0.04928581789135933, 0.9270738363265991, 0.9573412537574768, 0.9995884299278259, 0.9999948740005493, 0.9999958276748657, 0.9999998807907104, 1.0]}, "1.0": {"precision": [0.6904761904761905, 0.6829268292682927, 0.7, 0.717948717948718, 0.7368421052631579, 0.7567567567567568, 0.7777777777777778, 0.8, 0.8235294117647058, 0.8484848484848485, 0.875, 0.9032258064516129, 0.9333333333333333, 0.9655172413793104, 0.9642857142857143, 0.9629629629629629, 0.9615384615384616, 0.96, 0.9583333333333334, 0.9565217391304348, 0.9545454545454546, 0.9523809523809523, 0.95, 0.9473684210526315, 1.0], "recall": [1.0, 0.9655172413793104, 0.9655172413793104, 0.9655172413793104, 0.9655172413793104, 0.9655172413793104, 0.9655172413793104, 0.9655172413793104, 0.9655172413793104, 0.9655172413793104, 0.9655172413793104, 0.9655172413793104, 0.9655172413793104, 0.9655172413793104, 0.9310344827586207, 0.896551724137931, 0.8620689655172413, 0.8275862068965517, 0.7931034482758621, 0.7586206896551724, 0.7241379310344828, 0.6896551724137931, 0.6551724137931034, 0.6206896551724138, 0.0], "thresholds": [1.0112442827558965e-10, 2.372114171755868e-10, 5.387065238338096e-10, 6.522153928045782e-10, 8.304433252170895e-10, 1.5851503443187198e-09, 4.2014121959255135e-08, 1.5048847501475393e-07, 4.216439265292138e-06, 5.164966296433704e-06, 0.00041155805229209363, 0.042658716440200806, 0.07292622327804565, 0.9507142305374146, 0.9914485812187195, 0.9970318078994751, 0.997996985912323, 0.99982750415802, 0.9998536109924316, 0.9999797344207764, 0.9999958276748657, 0.9999986886978149, 0.9999997615814209, 1.0]}}}}