{"Serious_disease": {"class_counts": [["0.0", 105], ["1.0", 31]], "avg_precision": 0.9097484276729559, "avg_recall": 0.9003072196620584, "avg_f1": 0.9049024939787118, "avg_accuracy": 0.9338235294117647, "weighted_precision": 0.9331899741028487, "weighted_recall": 0.9338235294117647, "weighted_f1": 0.9334379156059908, "weighted_accuracy": 0.9338235294117647, "class_precision": [0.9528301886792453, 0.8666666666666667], "class_recall": [0.9619047619047619, 0.8387096774193549], "class_f1": [0.957345971563981, 0.8524590163934426], "class_accuracy": 0.9338235294117647, "num_classes": 2, "num_applicable_rows": 136, "confusion_matrix": [["0.0", [["0.0", 101], ["1.0", 4]]], ["1.0", [["1.0", 26], ["0.0", 5]]]], "precision_recall_curves": {"0.0": {"precision": [0.860655737704918, 0.859504132231405, 0.8666666666666667, 0.8739495798319328, 0.8813559322033898, 0.8888888888888888, 0.896551724137931, 0.9043478260869565, 0.9035087719298246, 0.911504424778761, 0.9196428571428571, 0.9279279279279279, 0.9363636363636364, 0.944954128440367, 0.9444444444444444, 0.9532710280373832, 0.9528301886792453, 0.9523809523809523, 0.9519230769230769, 0.9611650485436893, 0.9607843137254902, 0.9603960396039604, 0.96, 0.9595959595959596, 0.9591836734693877, 0.9587628865979382, 0.9583333333333334, 0.9578947368421052, 0.9574468085106383, 0.956989247311828, 0.9565217391304348, 0.9560439560439561, 0.9555555555555556, 0.9550561797752809, 0.9545454545454546, 0.9540229885057471, 0.9651162790697675, 0.9764705882352941, 0.9761904761904762, 0.9759036144578314, 0.975609756097561, 0.9753086419753086, 0.975, 0.9746835443037974, 0.9871794871794872, 0.987012987012987, 0.9868421052631579, 0.9866666666666667, 0.9864864864864865, 0.9863013698630136, 0.9861111111111112, 0.9859154929577465, 0.9857142857142858, 0.9855072463768116, 0.9852941176470589, 0.9850746268656716, 0.9848484848484849, 0.9846153846153847, 0.984375, 0.9841269841269841, 0.9838709677419355, 0.9836065573770492, 0.9833333333333333, 0.9830508474576272, 0.9827586206896551, 0.9824561403508771, 0.9821428571428571, 0.9818181818181818, 0.9814814814814815, 0.9811320754716981, 0.9807692307692307, 0.9803921568627451, 0.98, 0.9795918367346939, 0.9791666666666666, 0.9787234042553191, 0.9782608695652174, 0.9777777777777777, 0.9772727272727273, 0.9767441860465116, 0.9761904761904762, 0.975609756097561, 0.975, 1.0, 1.0, 1.0, 1.0, 1.0, 1.0, 1.0, 1.0, 1.0, 1.0, 1.0, 1.0, 1.0, 1.0, 1.0, 1.0, 1.0, 1.0, 1.0, 1.0, 1.0, 1.0, 1.0, 1.0, 1.0, 1.0, 1.0, 1.0, 1.0, 1.0, 1.0, 1.0, 1.0, 1.0, 1.0, 1.0, 1.0, 1.0, 1.0, 1.0], "recall": [1.0, 0.9904761904761905, 0.9904761904761905, 0.9904761904761905, 0.9904761904761905, 0.9904761904761905, 0.9904761904761905, 0.9904761904761905, 0.9809523809523809, 0.9809523809523809, 0.9809523809523809, 0.9809523809523809, 0.9809523809523809, 0.9809523809523809, 0.9714285714285714, 0.9714285714285714, 0.9619047619047619, 0.9523809523809523, 0.9428571428571428, 0.9428571428571428, 0.9333333333333333, 0.9238095238095239, 0.9142857142857143, 0.9047619047619048, 0.8952380952380953, 0.8857142857142857, 0.8761904761904762, 0.8666666666666667, 0.8571428571428571, 0.8476190476190476, 0.8380952380952381, 0.8285714285714286, 0.819047619047619, 0.8095238095238095, 0.8, 0.7904761904761904, 0.7904761904761904, 0.7904761904761904, 0.780952380952381, 0.7714285714285715, 0.7619047619047619, 0.7523809523809524, 0.7428571428571429, 0.7333333333333333, 0.7333333333333333, 0.7238095238095238, 0.7142857142857143, 0.7047619047619048, 0.6952380952380952, 0.6857142857142857, 0.6761904761904762, 0.6666666666666666, 0.6571428571428571, 0.6476190476190476, 0.638095238095238, 0.6285714285714286, 0.6190476190476191, 0.6095238095238096, 0.6, 0.5904761904761905, 0.580952380952381, 0.5714285714285714, 0.5619047619047619, 0.5523809523809524, 0.5428571428571428, 0.5333333333333333, 0.5238095238095238, 0.5142857142857142, 0.5047619047619047, 0.49523809523809526, 0.4857142857142857, 0.47619047619047616, 0.4666666666666667, 0.45714285714285713, 0.44761904761904764, 0.4380952380952381, 0.42857142857142855, 0.41904761904761906, 0.4095238095238095, 0.4, 0.3904761904761905, 0.38095238095238093, 0.37142857142857144, 0.37142857142857144, 0.3619047619047619, 0.3523809523809524, 0.34285714285714286, 0.3333333333333333, 0.3238095238095238, 0.3142857142857143, 0.3047619047619048, 0.29523809523809524, 0.2857142857142857, 0.2761904761904762, 0.26666666666666666, 0.2571428571428571, 0.24761904761904763, 0.23809523809523808, 0.22857142857142856, 0.21904761904761905, 0.20952380952380953, 0.2, 0.19047619047619047, 0.18095238095238095, 0.17142857142857143, 0.1619047619047619, 0.1523809523809524, 0.14285714285714285, 0.13333333333333333, 0.12380952380952381, 0.11428571428571428, 0.10476190476190476, 0.09523809523809523, 0.08571428571428572, 0.0761904761904762, 0.06666666666666667, 0.05714285714285714, 0.047619047619047616, 0.0380952380952381, 0.02857142857142857, 0.01904761904761905, 0.009523809523809525, 0.0], "thresholds": [0.05019063130021095, 0.07875992357730865, 0.08074048161506653, 0.09089681506156921, 0.0969986766576767, 0.09872496873140335, 0.10851558297872543, 0.11107520014047623, 0.11701664328575134, 0.14043967425823212, 0.14147670567035675, 0.169276624917984, 0.17697025835514069, 0.20740950107574463, 0.23863300681114197, 0.30919963121414185, 0.5965433120727539, 0.6723144054412842, 0.7076415419578552, 0.7170608639717102, 0.7363871932029724, 0.7917421460151672, 0.8082535266876221, 0.8267973065376282, 0.8313353061676025, 0.8505569696426392, 0.8559392094612122, 0.860571563243866, 0.9000200629234314, 0.9103105068206787, 0.9110457897186279, 0.9125680327415466, 0.9182479977607727, 0.9307274222373962, 0.934088408946991, 0.9467706084251404, 0.9474133253097534, 0.9477607011795044, 0.950020432472229, 0.9501519203186035, 0.9526203274726868, 0.9543070197105408, 0.9552550911903381, 0.9568044543266296, 0.9574963450431824, 0.9588866829872131, 0.9590882658958435, 0.9593659043312073, 0.9664516448974609, 0.9714993238449097, 0.9731063842773438, 0.973620593547821, 0.9773492217063904, 0.9777287840843201, 0.9781814217567444, 0.9797306060791016, 0.9810416102409363, 0.9818778038024902, 0.9822956919670105, 0.98236483335495, 0.9824579358100891, 0.9868946075439453, 0.9875857830047607, 0.9885059595108032, 0.9886202812194824, 0.9887807369232178, 0.989168643951416, 0.9896474480628967, 0.9900788068771362, 0.9909651279449463, 0.9913493394851685, 0.9914742708206177, 0.9919392466545105, 0.9923006296157837, 0.9924952983856201, 0.9926522374153137, 0.9927056431770325, 0.9933110475540161, 0.993582546710968, 0.9936701059341431, 0.9951419830322266, 0.9955961108207703, 0.9960595369338989, 0.9963112473487854, 0.996502161026001, 0.9965274930000305, 0.9967792630195618, 0.996829092502594, 0.9968563318252563, 0.9971476197242737, 0.997465968132019, 0.998029887676239, 0.9982941746711731, 0.9983110427856445, 0.9983305335044861, 0.9984980821609497, 0.9985018968582153, 0.9985703229904175, 0.9987086057662964, 0.9987640380859375, 0.9991003274917603, 0.9991810917854309, 0.9993045330047607, 0.9993160963058472, 0.999336302280426, 0.9993709921836853, 0.9995322227478027, 0.9996079802513123, 0.9996113181114197, 0.9996209144592285, 0.9996803998947144, 0.9997318387031555, 0.9997625946998596, 0.9998854398727417, 0.9998968839645386, 0.9999366998672485, 0.9999897480010986, 0.9999918937683105, 0.999993085861206, 0.9999936819076538, 0.9999992847442627, 0.9999996423721313]},