{"Loss_muscle_strength": {"class_counts": [["1.0", 63], ["0.0", 62]], "avg_precision": 0.818111455108359, "avg_recall": 0.8156682027649769, "avg_f1": 0.8155750849958303, "avg_accuracy": 0.816, "weighted_precision": 0.8179195046439628, "weighted_recall": 0.816, "weighted_f1": 0.8156459041631919, "weighted_accuracy": 0.816, "class_precision": [0.7941176470588235, 0.8421052631578947], "class_recall": [0.8571428571428571, 0.7741935483870968], "class_f1": [0.8244274809160305, 0.8067226890756302], "class_accuracy": 0.816, "num_classes": 2, "num_applicable_rows": 125, "confusion_matrix": [["1.0", [["1.0", 54], ["0.0", 9]]], ["0.0", [["0.0", 48], ["1.0", 14]]]], "precision_recall_curves": {"1.0": {"precision": [0.63, 0.6262626262626263, 0.6326530612244898, 0.6391752577319587, 0.6458333333333334, 0.6526315789473685, 0.6595744680851063, 0.6666666666666666, 0.6739130434782609, 0.6813186813186813, 0.6888888888888889, 0.6966292134831461, 0.7045454545454546, 0.7126436781609196, 0.7209302325581395, 0.7176470588235294, 0.7261904761904762, 0.7228915662650602, 0.7317073170731707, 0.7407407407407407, 0.75, 0.7468354430379747, 0.7564102564102564, 0.7532467532467533, 0.75, 0.76, 0.7702702702702703, 0.7671232876712328, 0.7638888888888888, 0.7746478873239436, 0.7714285714285715, 0.782608695652174, 0.7941176470588235, 0.8059701492537313, 0.8181818181818182, 0.8153846153846154, 0.828125, 0.8412698412698413, 0.8387096774193549, 0.8360655737704918, 0.85, 0.847457627118644, 0.8448275862068966, 0.8421052631578947, 0.8571428571428571, 0.8727272727272727, 0.8888888888888888, 0.8867924528301887, 0.8846153846153846, 0.9019607843137255, 0.92, 0.9183673469387755, 0.9166666666666666, 0.9148936170212766, 0.9347826086956522, 0.9333333333333333, 0.9545454545454546, 0.9534883720930233, 0.9523809523809523, 0.9512195121951219, 0.95, 0.9487179487179487, 0.9473684210526315, 0.9459459459459459, 0.9444444444444444, 0.9428571428571428, 0.9411764705882353, 0.9393939393939394, 0.9375, 0.9354838709677419, 0.9333333333333333, 0.9310344827586207, 0.9642857142857143, 0.9629629629629629, 0.9615384615384616, 0.96, 0.9583333333333334, 0.9565217391304348, 0.9545454545454546, 0.9523809523809523, 0.95, 0.9473684210526315, 0.9444444444444444, 0.9411764705882353, 0.9375, 1.0, 1.0, 1.0, 1.0, 1.0, 1.0, 1.0, 1.0, 1.0, 1.0, 1.0, 1.0, 1.0, 1.0, 1.0, 1.0], "recall": [1.0, 0.9841269841269841, 0.9841269841269841, 0.9841269841269841, 0.9841269841269841, 0.9841269841269841, 0.9841269841269841, 0.9841269841269841, 0.9841269841269841, 0.9841269841269841, 0.9841269841269841, 0.9841269841269841, 0.9841269841269841, 0.9841269841269841, 0.9841269841269841, 0.9682539682539683, 0.9682539682539683, 0.9523809523809523, 0.9523809523809523, 0.9523809523809523, 0.9523809523809523, 0.9365079365079365, 0.9365079365079365, 0.9206349206349206, 0.9047619047619048, 0.9047619047619048, 0.9047619047619048, 0.8888888888888888, 0.873015873015873, 0.873015873015873, 0.8571428571428571, 0.8571428571428571, 0.8571428571428571, 0.8571428571428571, 0.8571428571428571, 0.8412698412698413, 0.8412698412698413, 0.8412698412698413, 0.8253968253968254, 0.8095238095238095, 0.8095238095238095, 0.7936507936507936, 0.7777777777777778, 0.7619047619047619, 0.7619047619047619, 0.7619047619047619, 0.7619047619047619, 0.746031746031746, 0.7301587301587301, 0.7301587301587301, 0.7301587301587301, 0.7142857142857143, 0.6984126984126984, 0.6825396825396826, 0.6825396825396826, 0.6666666666666666, 0.6666666666666666, 0.6507936507936508, 0.6349206349206349, 0.6190476190476191, 0.6031746031746031, 0.5873015873015873, 0.5714285714285714, 0.5555555555555556, 0.5396825396825397, 0.5238095238095238, 0.5079365079365079, 0.49206349206349204, 0.47619047619047616, 0.4603174603174603, 0.4444444444444444, 0.42857142857142855, 0.42857142857142855, 0.4126984126984127, 0.3968253968253968, 0.38095238095238093, 0.36507936507936506, 0.3492063492063492, 0.3333333333333333, 0.31746031746031744, 0.30158730158730157, 0.2857142857142857, 0.2698412698412698, 0.25396825396825395, 0.23809523809523808, 0.23809523809523808, 0.2222222222222222, 0.20634920634920634, 0.19047619047619047, 0.1746031746031746, 0.15873015873015872, 0.14285714285714285, 0.12698412698412698, 0.1111111111111111, 0.09523809523809523, 0.07936507936507936, 0.06349206349206349, 0.047619047619047616, 0.031746031746031744, 0.015873015873015872, 0.0], "thresholds": [0.10345207899808884, 0.10739673674106598, 0.10849147289991379, 0.12550140917301178, 0.12601351737976074, 0.14103955030441284, 0.14174224436283112, 0.14269565045833588, 0.14750772714614868, 0.17438264191150665, 0.20351865887641907, 0.21251793205738068, 0.21301859617233276, 0.22285690903663635, 0.24930253624916077, 0.25634217262268066, 0.26101601123809814, 0.2663211226463318, 0.300436407327652, 0.32062816619873047, 0.3377290964126587, 0.35315045714378357, 0.3573397397994995, 0.36614206433296204, 0.36949622631073, 0.3806099593639374, 0.4024888575077057, 0.4026670455932617, 0.4091437757015228, 0.43036460876464844, 0.45897936820983887, 0.46986809372901917, 0.5013240575790405, 0.5071834921836853, 0.5100827813148499, 0.5202729105949402, 0.5311237573623657, 0.5369046330451965, 0.6121773719787598, 0.6286813616752625, 0.6379768252372742, 0.6863316893577576, 0.6944447755813599, 0.6972938179969788, 0.7126964926719666, 0.7245450019836426, 0.7849140763282776, 0.793546199798584, 0.7939416170120239, 0.8195886611938477, 0.8295509219169617, 0.8323521614074707, 0.8360923528671265, 0.8476669788360596, 0.8511493802070618, 0.8551734089851379, 0.8708488345146179, 0.8863252997398376, 0.8912389874458313, 0.8969277143478394, 0.9097241163253784, 0.9137000441551208, 0.916034996509552, 0.9166719317436218, 0.9169448018074036, 0.9232860803604126, 0.9287893176078796, 0.93231201171875, 0.935288667678833, 0.9356793761253357, 0.9363918304443359, 0.9445251226425171, 0.9445257186889648, 0.9457425475120544, 0.9483004808425903, 0.9500094056129456, 0.950334906578064, 0.9513005018234253, 0.9517617225646973, 0.9520647525787354, 0.9547972679138184, 0.9564565420150757, 0.9621561169624329, 0.9658492207527161, 0.9704928398132324, 0.980834424495697, 0.9818792939186096, 0.9864011406898499, 0.9870033860206604, 0.9878214001655579, 0.989891767501831, 0.9915308952331543, 0.9917671084403992, 0.9927797913551331, 0.9932476282119751, 0.9943191409111023, 0.9947575330734253, 0.9961704611778259, 0.9998337030410767, 0.9999557733535767]},